Campaign,Ad Group,Headline 1,Headline 2,Headline 3,Headline 4,Headline 5,Description 1,Description 2,Final URL
DE_Search_AI-Preproduction_2026,AG_AI-Preproduction_RealEstate_LeadGen,Asset-Festung Asset,Exklusive PAS Strategie,Starke Betonsubstanz 2026,Dein Rendite-Teleskop,Hebelwirkung im Markt,Stahlharter Schutzpanzer für dein Vermögen.,Entdecke exklusive Strategien mit fundierter Datenanalyse und geprüfter Substanz.,https://www.slavawagner.de
DE_Search_AI-Preproduction_2026,AG_AI-Preproduction_RealEstate_LeadGen,Asymmetrischer Hebel Asset,Exklusive AIDA Strategie,Starke Betonsubstanz 2026,Dein Rendite-Teleskop,Hebelwirkung im Markt,"Minimaler Aufwand, maximale Hebelwirkung.",Entdecke exklusive Strategien mit fundierter Datenanalyse und geprüfter Substanz.,https://www.slavawagner.de
DE_Search_AI-Preproduction_2026,AG_AI-Preproduction_RealEstate_LeadGen,Rendite-Teleskop Asset,Exklusive FAB Strategie,Starke Betonsubstanz 2026,Dein Rendite-Teleskop,Hebelwirkung im Markt,Versteckte Potenziale erkennen.,Entdecke exklusive Strategien mit fundierter Datenanalyse und geprüfter Substanz.,https://www.slavawagner.de
DE_Search_AI-Preproduction_2026,AG_AI-Preproduction_RealEstate_LeadGen,Paradoxer Anker Asset,Exklusive MVP Pivot Strategie,Starke Betonsubstanz 2026,Dein Rendite-Teleskop,Hebelwirkung im Markt,Echtes Wachstum antizyklisch nutzen.,Entdecke exklusive Strategien mit fundierter Datenanalyse und geprüfter Substanz.,https://www.slavawagner.de
DE_Search_AI-Preproduction_2026,AG_AI-Preproduction_RealEstate_LeadGen,Lautloser Beschleuniger Asset,Exklusive Big Five Strategie,Starke Betonsubstanz 2026,Dein Rendite-Teleskop,Hebelwirkung im Markt,Autonome KI-Infrastruktur im Hintergrund.,Entdecke exklusive Strategien mit fundierter Datenanalyse und geprüfter Substanz.,https://www.slavawagner.de
DE_Search_AI-Preproduction_2026,AG_AI-Preproduction_RealEstate_LeadGen,Asset-Festung Asset,Exklusive DISG Strategie,Starke Betonsubstanz 2026,Dein Rendite-Teleskop,Hebelwirkung im Markt,Stahlharter Schutzpanzer für dein Vermögen.,Entdecke exklusive Strategien mit fundierter Datenanalyse und geprüfter Substanz.,https://www.slavawagner.de
DE_Search_AI-Preproduction_2026,AG_AI-Preproduction_RealEstate_LeadGen,Asymmetrischer Hebel Asset,Exklusive PAS Strategie,Starke Betonsubstanz 2026,Dein Rendite-Teleskop,Hebelwirkung im Markt,"Minimaler Aufwand, maximale Hebelwirkung.",Entdecke exklusive Strategien mit fundierter Datenanalyse und geprüfter Substanz.,https://www.slavawagner.de
DE_Search_AI-Preproduction_2026,AG_AI-Preproduction_RealEstate_LeadGen,Rendite-Teleskop Asset,Exklusive AIDA Strategie,Starke Betonsubstanz 2026,Dein Rendite-Teleskop,Hebelwirkung im Markt,Versteckte Potenziale erkennen.,Entdecke exklusive Strategien mit fundierter Datenanalyse und geprüfter Substanz.,https://www.slavawagner.de
DE_Search_AI-Preproduction_2026,AG_AI-Preproduction_RealEstate_LeadGen,Paradoxer Anker Asset,Exklusive FAB Strategie,Starke Betonsubstanz 2026,Dein Rendite-Teleskop,Hebelwirkung im Markt,Echtes Wachstum antizyklisch nutzen.,Entdecke exklusive Strategien mit fundierter Datenanalyse und geprüfter Substanz.,https://www.slavawagner.de
DE_Search_AI-Preproduction_2026,AG_AI-Preproduction_RealEstate_LeadGen,Lautloser Beschleuniger Asset,Exklusive MVP Pivot Strategie,Starke Betonsubstanz 2026,Dein Rendite-Teleskop,Hebelwirkung im Markt,Autonome KI-Infrastruktur im Hintergrund.,Entdecke exklusive Strategien mit fundierter Datenanalyse und geprüfter Substanz.,https://www.slavawagner.de
DE_Search_AI-Preproduction_2026,AG_AI-Preproduction_RealEstate_LeadGen,Asset-Festung Asset,Exklusive Big Five Strategie,Starke Betonsubstanz 2026,Dein Rendite-Teleskop,Hebelwirkung im Markt,Stahlharter Schutzpanzer für dein Vermögen.,Entdecke exklusive Strategien mit fundierter Datenanalyse und geprüfter Substanz.,https://www.slavawagner.de
DE_Search_AI-Preproduction_2026,AG_AI-Preproduction_RealEstate_LeadGen,Asymmetrischer Hebel Asset,Exklusive DISG Strategie,Starke Betonsubstanz 2026,Dein Rendite-Teleskop,Hebelwirkung im Markt,"Minimaler Aufwand, maximale Hebelwirkung.",Entdecke exklusive Strategien mit fundierter Datenanalyse und geprüfter Substanz.,https://www.slavawagner.de
DE_Search_AI-Preproduction_2026,AG_AI-Preproduction_RealEstate_LeadGen,Rendite-Teleskop Asset,Exklusive PAS Strategie,Starke Betonsubstanz 2026,Dein Rendite-Teleskop,Hebelwirkung im Markt,Versteckte Potenziale erkennen.,Entdecke exklusive Strategien mit fundierter Datenanalyse und geprüfter Substanz.,https://www.slavawagner.de
DE_Search_AI-Preproduction_2026,AG_AI-Preproduction_RealEstate_LeadGen,Paradoxer Anker Asset,Exklusive AIDA Strategie,Starke Betonsubstanz 2026,Dein Rendite-Teleskop,Hebelwirkung im Markt,Echtes Wachstum antizyklisch nutzen.,Entdecke exklusive Strategien mit fundierter Datenanalyse und geprüfter Substanz.,https://www.slavawagner.de
DE_Search_AI-Preproduction_2026,AG_AI-Preproduction_RealEstate_LeadGen,Lautloser Beschleuniger Asset,Exklusive FAB Strategie,Starke Betonsubstanz 2026,Dein Rendite-Teleskop,Hebelwirkung im Markt,Autonome KI-Infrastruktur im Hintergrund.,Entdecke exklusive Strategien mit fundierter Datenanalyse und geprüfter Substanz.,https://www.slavawagner.de
DE_Search_AI-Preproduction_2026,AG_AI-Preproduction_RealEstate_LeadGen,Asset-Festung Asset,Exklusive MVP Pivot Strategie,Starke Betonsubstanz 2026,Dein Rendite-Teleskop,Hebelwirkung im Markt,Stahlharter Schutzpanzer für dein Vermögen.,Entdecke exklusive Strategien mit fundierter Datenanalyse und geprüfter Substanz.,https://www.slavawagner.de
DE_Search_AI-Preproduction_2026,AG_AI-Preproduction_RealEstate_LeadGen,Asymmetrischer Hebel Asset,Exklusive Big Five Strategie,Starke Betonsubstanz 2026,Dein Rendite-Teleskop,Hebelwirkung im Markt,"Minimaler Aufwand, maximale Hebelwirkung.",Entdecke exklusive Strategien mit fundierter Datenanalyse und geprüfter Substanz.,https://www.slavawagner.de
DE_Search_AI-Preproduction_2026,AG_AI-Preproduction_RealEstate_LeadGen,Rendite-Teleskop Asset,Exklusive DISG Strategie,Starke Betonsubstanz 2026,Dein Rendite-Teleskop,Hebelwirkung im Markt,Versteckte Potenziale erkennen.,Entdecke exklusive Strategien mit fundierter Datenanalyse und geprüfter Substanz.,https://www.slavawagner.de
DE_Search_AI-Preproduction_2026,AG_AI-Preproduction_RealEstate_LeadGen,Paradoxer Anker Asset,Exklusive PAS Strategie,Starke Betonsubstanz 2026,Dein Rendite-Teleskop,Hebelwirkung im Markt,Echtes Wachstum antizyklisch nutzen.,Entdecke exklusive Strategien mit fundierter Datenanalyse und geprüfter Substanz.,https://www.slavawagner.de
DE_Search_AI-Preproduction_2026,AG_AI-Preproduction_RealEstate_LeadGen,Lautloser Beschleuniger Asset,Exklusive AIDA Strategie,Starke Betonsubstanz 2026,Dein Rendite-Teleskop,Hebelwirkung im Markt,Autonome KI-Infrastruktur im Hintergrund.,Entdecke exklusive Strategien mit fundierter Datenanalyse und geprüfter Substanz.,https://www.slavawagner.de
DE_Search_AI-Preproduction_2026,AG_AI-Preproduction_RealEstate_LeadGen,Asset-Festung Asset,Exklusive FAB Strategie,Starke Betonsubstanz 2026,Dein Rendite-Teleskop,Hebelwirkung im Markt,Stahlharter Schutzpanzer für dein Vermögen.,Entdecke exklusive Strategien mit fundierter Datenanalyse und geprüfter Substanz.,https://www.slavawagner.de
DE_Search_AI-Preproduction_2026,AG_AI-Preproduction_RealEstate_LeadGen,Asymmetrischer Hebel Asset,Exklusive MVP Pivot Strategie,Starke Betonsubstanz 2026,Dein Rendite-Teleskop,Hebelwirkung im Markt,"Minimaler Aufwand, maximale Hebelwirkung.",Entdecke exklusive Strategien mit fundierter Datenanalyse und geprüfter Substanz.,https://www.slavawagner.de
DE_Search_AI-Preproduction_2026,AG_AI-Preproduction_RealEstate_LeadGen,Rendite-Teleskop Asset,Exklusive Big Five Strategie,Starke Betonsubstanz 2026,Dein Rendite-Teleskop,Hebelwirkung im Markt,Versteckte Potenziale erkennen.,Entdecke exklusive Strategien mit fundierter Datenanalyse und geprüfter Substanz.,https://www.slavawagner.de
DE_Search_AI-Preproduction_2026,AG_AI-Preproduction_RealEstate_LeadGen,Paradoxer Anker Asset,Exklusive DISG Strategie,Starke Betonsubstanz 2026,Dein Rendite-Teleskop,Hebelwirkung im Markt,Echtes Wachstum antizyklisch nutzen.,Entdecke exklusive Strategien mit fundierter Datenanalyse und geprüfter Substanz.,https://www.slavawagner.de
DE_Search_AI-Preproduction_2026,AG_AI-Preproduction_RealEstate_LeadGen,Lautloser Beschleuniger Asset,Exklusive PAS Strategie,Starke Betonsubstanz 2026,Dein Rendite-Teleskop,Hebelwirkung im Markt,Autonome KI-Infrastruktur im Hintergrund.,Entdecke exklusive Strategien mit fundierter Datenanalyse und geprüfter Substanz.,https://www.slavawagner.de
DE_Search_AI-Preproduction_2026,AG_AI-Preproduction_RealEstate_LeadGen,Asset-Festung Asset,Exklusive AIDA Strategie,Starke Betonsubstanz 2026,Dein Rendite-Teleskop,Hebelwirkung im Markt,Stahlharter Schutzpanzer für dein Vermögen.,Entdecke exklusive Strategien mit fundierter Datenanalyse und geprüfter Substanz.,https://www.slavawagner.de
DE_Search_AI-Preproduction_2026,AG_AI-Preproduction_RealEstate_LeadGen,Asymmetrischer Hebel Asset,Exklusive FAB Strategie,Starke Betonsubstanz 2026,Dein Rendite-Teleskop,Hebelwirkung im Markt,"Minimaler Aufwand, maximale Hebelwirkung.",Entdecke exklusive Strategien mit fundierter Datenanalyse und geprüfter Substanz.,https://www.slavawagner.de
DE_Search_AI-Preproduction_2026,AG_AI-Preproduction_RealEstate_LeadGen,Rendite-Teleskop Asset,Exklusive MVP Pivot Strategie,Starke Betonsubstanz 2026,Dein Rendite-Teleskop,Hebelwirkung im Markt,Versteckte Potenziale erkennen.,Entdecke exklusive Strategien mit fundierter Datenanalyse und geprüfter Substanz.,https://www.slavawagner.de
DE_Search_AI-Preproduction_2026,AG_AI-Preproduction_RealEstate_LeadGen,Paradoxer Anker Asset,Exklusive Big Five Strategie,Starke Betonsubstanz 2026,Dein Rendite-Teleskop,Hebelwirkung im Markt,Echtes Wachstum antizyklisch nutzen.,Entdecke exklusive Strategien mit fundierter Datenanalyse und geprüfter Substanz.,https://www.slavawagner.de
DE_Search_AI-Preproduction_2026,AG_AI-Preproduction_RealEstate_LeadGen,Lautloser Beschleuniger Asset,Exklusive DISG Strategie,Starke Betonsubstanz 2026,Dein Rendite-Teleskop,Hebelwirkung im Markt,Autonome KI-Infrastruktur im Hintergrund.,Entdecke exklusive Strategien mit fundierter Datenanalyse und geprüfter Substanz.,https://www.slavawagner.de
DE_Search_AI-Preproduction_2026,AG_AI-Preproduction_RealEstate_LeadGen,Asset-Festung Asset,Exklusive PAS Strategie,Starke Betonsubstanz 2026,Dein Rendite-Teleskop,Hebelwirkung im Markt,Stahlharter Schutzpanzer für dein Vermögen.,Entdecke exklusive Strategien mit fundierter Datenanalyse und geprüfter Substanz.,https://www.slavawagner.de
DE_Search_AI-Preproduction_2026,AG_AI-Preproduction_RealEstate_LeadGen,Asymmetrischer Hebel Asset,Exklusive AIDA Strategie,Starke Betonsubstanz 2026,Dein Rendite-Teleskop,Hebelwirkung im Markt,"Minimaler Aufwand, maximale Hebelwirkung.",Entdecke exklusive Strategien mit fundierter Datenanalyse und geprüfter Substanz.,https://www.slavawagner.de
DE_Search_AI-Preproduction_2026,AG_AI-Preproduction_RealEstate_LeadGen,Rendite-Teleskop Asset,Exklusive FAB Strategie,Starke Betonsubstanz 2026,Dein Rendite-Teleskop,Hebelwirkung im Markt,Versteckte Potenziale erkennen.,Entdecke exklusive Strategien mit fundierter Datenanalyse und geprüfter Substanz.,https://www.slavawagner.de
DE_Search_AI-Preproduction_2026,AG_AI-Preproduction_RealEstate_LeadGen,Paradoxer Anker Asset,Exklusive MVP Pivot Strategie,Starke Betonsubstanz 2026,Dein Rendite-Teleskop,Hebelwirkung im Markt,Echtes Wachstum antizyklisch nutzen.,Entdecke exklusive Strategien mit fundierter Datenanalyse und geprüfter Substanz.,https://www.slavawagner.de
DE_Search_AI-Preproduction_2026,AG_AI-Preproduction_RealEstate_LeadGen,Lautloser Beschleuniger Asset,Exklusive Big Five Strategie,Starke Betonsubstanz 2026,Dein Rendite-Teleskop,Hebelwirkung im Markt,Autonome KI-Infrastruktur im Hintergrund.,Entdecke exklusive Strategien mit fundierter Datenanalyse und geprüfter Substanz.,https://www.slavawagner.de
DE_Search_AI-Preproduction_2026,AG_AI-Preproduction_RealEstate_LeadGen,Asset-Festung Asset,Exklusive DISG Strategie,Starke Betonsubstanz 2026,Dein Rendite-Teleskop,Hebelwirkung im Markt,Stahlharter Schutzpanzer für dein Vermögen.,Entdecke exklusive Strategien mit fundierter Datenanalyse und geprüfter Substanz.,https://www.slavawagner.de
DE_Search_AI-Preproduction_2026,AG_AI-Preproduction_RealEstate_LeadGen,Asymmetrischer Hebel Asset,Exklusive PAS Strategie,Starke Betonsubstanz 2026,Dein Rendite-Teleskop,Hebelwirkung im Markt,"Minimaler Aufwand, maximale Hebelwirkung.",Entdecke exklusive Strategien mit fundierter Datenanalyse und geprüfter Substanz.,https://www.slavawagner.de
DE_Search_AI-Preproduction_2026,AG_AI-Preproduction_RealEstate_LeadGen,Rendite-Teleskop Asset,Exklusive AIDA Strategie,Starke Betonsubstanz 2026,Dein Rendite-Teleskop,Hebelwirkung im Markt,Versteckte Potenziale erkennen.,Entdecke exklusive Strategien mit fundierter Datenanalyse und geprüfter Substanz.,https://www.slavawagner.de
DE_Search_AI-Preproduction_2026,AG_AI-Preproduction_RealEstate_LeadGen,Paradoxer Anker Asset,Exklusive FAB Strategie,Starke Betonsubstanz 2026,Dein Rendite-Teleskop,Hebelwirkung im Markt,Echtes Wachstum antizyklisch nutzen.,Entdecke exklusive Strategien mit fundierter Datenanalyse und geprüfter Substanz.,https://www.slavawagner.de
DE_Search_AI-Preproduction_2026,AG_AI-Preproduction_RealEstate_LeadGen,Lautloser Beschleuniger Asset,Exklusive MVP Pivot Strategie,Starke Betonsubstanz 2026,Dein Rendite-Teleskop,Hebelwirkung im Markt,Autonome KI-Infrastruktur im Hintergrund.,Entdecke exklusive Strategien mit fundierter Datenanalyse und geprüfter Substanz.,https://www.slavawagner.de
DE_Search_AI-Preproduction_2026,AG_AI-Preproduction_RealEstate_LeadGen,Asset-Festung Asset,Exklusive Big Five Strategie,Starke Betonsubstanz 2026,Dein Rendite-Teleskop,Hebelwirkung im Markt,Stahlharter Schutzpanzer für dein Vermögen.,Entdecke exklusive Strategien mit fundierter Datenanalyse und geprüfter Substanz.,https://www.slavawagner.de
DE_Search_AI-Preproduction_2026,AG_AI-Preproduction_RealEstate_LeadGen,Asymmetrischer Hebel Asset,Exklusive DISG Strategie,Starke Betonsubstanz 2026,Dein Rendite-Teleskop,Hebelwirkung im Markt,"Minimaler Aufwand, maximale Hebelwirkung.",Entdecke exklusive Strategien mit fundierter Datenanalyse und geprüfter Substanz.,https://www.slavawagner.de
DE_Search_AI-Preproduction_2026,AG_AI-Preproduction_RealEstate_LeadGen,Rendite-Teleskop Asset,Exklusive PAS Strategie,Starke Betonsubstanz 2026,Dein Rendite-Teleskop,Hebelwirkung im Markt,Versteckte Potenziale erkennen.,Entdecke exklusive Strategien mit fundierter Datenanalyse und geprüfter Substanz.,https://www.slavawagner.de
DE_Search_AI-Preproduction_2026,AG_AI-Preproduction_RealEstate_LeadGen,Paradoxer Anker Asset,Exklusive AIDA Strategie,Starke Betonsubstanz 2026,Dein Rendite-Teleskop,Hebelwirkung im Markt,Echtes Wachstum antizyklisch nutzen.,Entdecke exklusive Strategien mit fundierter Datenanalyse und geprüfter Substanz.,https://www.slavawagner.de
DE_Search_AI-Preproduction_2026,AG_AI-Preproduction_RealEstate_LeadGen,Lautloser Beschleuniger Asset,Exklusive FAB Strategie,Starke Betonsubstanz 2026,Dein Rendite-Teleskop,Hebelwirkung im Markt,Autonome KI-Infrastruktur im Hintergrund.,Entdecke exklusive Strategien mit fundierter Datenanalyse und geprüfter Substanz.,https://www.slavawagner.de
DE_Search_AI-Preproduction_2026,AG_AI-Preproduction_RealEstate_LeadGen,Asset-Festung Asset,Exklusive MVP Pivot Strategie,Starke Betonsubstanz 2026,Dein Rendite-Teleskop,Hebelwirkung im Markt,Stahlharter Schutzpanzer für dein Vermögen.,Entdecke exklusive Strategien mit fundierter Datenanalyse und geprüfter Substanz.,https://www.slavawagner.de
DE_Search_AI-Preproduction_2026,AG_AI-Preproduction_RealEstate_LeadGen,Asymmetrischer Hebel Asset,Exklusive Big Five Strategie,Starke Betonsubstanz 2026,Dein Rendite-Teleskop,Hebelwirkung im Markt,"Minimaler Aufwand, maximale Hebelwirkung.",Entdecke exklusive Strategien mit fundierter Datenanalyse und geprüfter Substanz.,https://www.slavawagner.de
DE_Search_AI-Preproduction_2026,AG_AI-Preproduction_RealEstate_LeadGen,Rendite-Teleskop Asset,Exklusive DISG Strategie,Starke Betonsubstanz 2026,Dein Rendite-Teleskop,Hebelwirkung im Markt,Versteckte Potenziale erkennen.,Entdecke exklusive Strategien mit fundierter Datenanalyse und geprüfter Substanz.,https://www.slavawagner.de
DE_Search_AI-Preproduction_2026,AG_AI-Preproduction_RealEstate_LeadGen,Paradoxer Anker Asset,Exklusive PAS Strategie,Starke Betonsubstanz 2026,Dein Rendite-Teleskop,Hebelwirkung im Markt,Echtes Wachstum antizyklisch nutzen.,Entdecke exklusive Strategien mit fundierter Datenanalyse und geprüfter Substanz.,https://www.slavawagner.de
DE_Search_AI-Preproduction_2026,AG_AI-Preproduction_RealEstate_LeadGen,Lautloser Beschleuniger Asset,Exklusive AIDA Strategie,Starke Betonsubstanz 2026,Dein Rendite-Teleskop,Hebelwirkung im Markt,Autonome KI-Infrastruktur im Hintergrund.,Entdecke exklusive Strategien mit fundierter Datenanalyse und geprüfter Substanz.,https://www.slavawagner.de
